{
  "albumInfo": {
    "album_id": "268081987",
    "author": "\u7941\u9686",
    "title": "\u60e6\u8bb0",
    "publishcompany": "\u9686\u5a31\u6587\u5316",
    "prodcompany": "",
    "country": "\u5185\u5730",
    "language": "\u56fd\u8bed",
    "songs_total": "2",
    "info": "\u7941\u9686\u6210\u529f\u5347\u534e\u8f6c\u578b\u7cbe\u54c1\u4e4b\u4f5c\uff0c\n\u5145\u5206\u5c55\u73b0\u4e86\u7941\u9686\u5b8c\u7f8e\u7684\u8bcd\u66f2\u521b\u4f5c\u548c\u4e2a\u4eba\u7cbe\u6e5b\u7684\u5531\u529f",
    "styles": "\u6d41\u884c",
    "style_id": "0",
    "publishtime": "2016-07-28",
    "artist_ting_uid": "245815",
    "all_artist_ting_uid": null,
    "gender": "0",
    "area": "0",
    "pic_small": "http:\/\/musicdata.baidu.com\/data2\/pic\/f8db23d478057cc4480455bd29e65d6d\/268081976\/268081976.jpg",
    "pic_big": "http:\/\/musicdata.baidu.com\/data2\/pic\/aa1239d0e00543d967a138198f6ab19c\/268081973\/268081973.jpg",
    "hot": "",
    "favorites_num": 0,
    "recommend_num": 0,
    "artist_id": "57297",
    "all_artist_id": "57297",
    "pic_radio": "http:\/\/musicdata.baidu.com\/data2\/pic\/7566062f86b753c5fc0ac948c2050b52\/268081970\/268081970.jpg",
    "pic_s500": "http:\/\/musicdata.baidu.com\/data2\/pic\/aefe705ff3b57eff7bbdf33123c6eacb\/268083701\/268083701.jpg",
    "pic_s1000": "http:\/\/musicdata.baidu.com\/data2\/pic\/21893b5e13a76be426a6e95007b34821\/268083680\/268083680.jpg",
    "ai_presale_flag": "0",
    "resource_type_ext": "0",
    "buy_url": ""
  },
  "songlist": [
    {
      "artist_id": "57297",
      "all_artist_id": "57297",
      "all_artist_ting_uid": "245815",
      "language": "\u56fd\u8bed",
      "publishtime": "2016-07-28",
      "album_no": "1",
      "versions": "",
      "pic_big": "http:\/\/musicdata.baidu.com\/data2\/pic\/aa1239d0e00543d967a138198f6ab19c\/268081973\/268081973.jpg",
      "pic_small": "http:\/\/musicdata.baidu.com\/data2\/pic\/f8db23d478057cc4480455bd29e65d6d\/268081976\/268081976.jpg",
      "hot": "0",
      "file_duration": "0",
      "del_status": "0",
      "resource_type": "0",
      "copy_type": "1",
      "has_mv_mobile": 0,
      "all_rate": "64,128,256,320,flac",
      "toneid": "0",
      "country": "\u5185\u5730",
      "area": "0",
      "lrclink": "http:\/\/musicdata.baidu.com\/data2\/lrc\/4d2ff88b76b959480356d7a75ac09146\/268117359\/268117359.lrc",
      "bitrate_fee": "{\"0\":\"0|0\",\"1\":\"0|0\"}",
      "si_presale_flag": "0",
      "song_id": "268081984",
      "title": "\u60e6\u8bb0",
      "ting_uid": "245815",
      "author": "\u7941\u9686",
      "album_id": "268081987",
      "album_title": "\u60e6\u8bb0",
      "is_first_publish": 0,
      "havehigh": 2,
      "charge": 0,
      "has_mv": 0,
      "learn": 0,
      "song_source": "web",
      "piao_id": "0",
      "korean_bb_song": "0",
      "resource_type_ext": "0",
      "mv_provider": "0000000000"
    },
    {
      "artist_id": "57297",
      "all_artist_id": "57297",
      "all_artist_ting_uid": "245815",
      "language": "",
      "publishtime": "2016-07-28",
      "album_no": "2",
      "versions": "\u4f34\u594f",
      "pic_big": "http:\/\/musicdata.baidu.com\/data2\/pic\/aa1239d0e00543d967a138198f6ab19c\/268081973\/268081973.jpg",
      "pic_small": "http:\/\/musicdata.baidu.com\/data2\/pic\/f8db23d478057cc4480455bd29e65d6d\/268081976\/268081976.jpg",
      "hot": "0",
      "file_duration": "0",
      "del_status": "0",
      "resource_type": "0",
      "copy_type": "1",
      "has_mv_mobile": 0,
      "all_rate": "64,128,256,320,flac",
      "toneid": "0",
      "country": "\u5185\u5730",
      "area": "0",
      "lrclink": "",
      "bitrate_fee": "{\"0\":\"0|0\",\"1\":\"0|0\"}",
      "si_presale_flag": "0",
      "song_id": "268081986",
      "title": "\u60e6\u8bb0",
      "ting_uid": "245815",
      "author": "\u7941\u9686",
      "album_id": "268081987",
      "album_title": "\u60e6\u8bb0",
      "is_first_publish": 0,
      "havehigh": 2,
      "charge": 0,
      "has_mv": 0,
      "learn": 0,
      "song_source": "web",
      "piao_id": "0",
      "korean_bb_song": "0",
      "resource_type_ext": "0",
      "mv_provider": "0000000000"
    }
  ]
}