{
  // http://tingapi.ting.baidu.com/v1/restserver/ting?from=android&version=5.8.1.0&channel=ppzs&operator=3&method=baidu.ting.plaza.index&cuid=89CF1E1A06826F9AB95A34DC0F6AAA14
  "result": {
    "radio": {
      "error_code": 22000,
      "result": [
        {
          "desc": "",
          "itemid": "13251909",
          "title": "失恋是一场重症感冒，但总有痊愈的那一天",
          "album_id": "7495592",
          "type": "lebo",
          "channelid": "11373552",
          "pic": "http://business.cdn.qianqian.com/qianqian/pic/bos_client_4720389bb6d30da36e7b1b08d93bb006.jpg"
        },
        {
          "desc": "都市情感",
          "itemid": "13243961",
          "title": "我不喜欢这样做，但我喜欢你",
          "album_id": "12380577",
          "type": "lebo",
          "channelid": "11373553",
          "pic": "http://business.cdn.qianqian.com/qianqian/pic/bos_client_f3014c6dcaff79018e70bfdd777df338.jpg"
        },
        {
          "desc": "音乐",
          "itemid": "13242582",
          "title": "张学友：众生喧哗 我只歌唱",
          "album_id": "12755694",
          "type": "lebo",
          "channelid": "11373552",
          "pic": "http://business.cdn.qianqian.com/qianqian/pic/bos_client_bc667f25cdaf61def73f026504d27c76.jpg"
        },
        {
          "desc": "音乐",
          "itemid": "13250375",
          "title": "薛之谦：歌手到段子手的谦言万语",
          "album_id": "12755694",
          "type": "lebo",
          "channelid": "11373552",
          "pic": "http://business.cdn.qianqian.com/qianqian/pic/bos_client_e640b636cce515149022075139aa94fa.jpg"
        },
        {
          "desc": "音乐",
          "itemid": "13217597",
          "title": "慢成一首歌",
          "album_id": "5945591",
          "type": "lebo",
          "channelid": "11373552",
          "pic": "http://business.cdn.qianqian.com/qianqian/pic/bos_client_1d256ad139d9bf82d608c79cd3f14e15.jpg"
        },
        {
          "desc": "音乐",
          "itemid": "13232318",
          "title": "陈学冬生日特辑：暖男偶像，很幸运遇见你",
          "album_id": "12755694",
          "type": "lebo",
          "channelid": "11373552",
          "pic": "http://business.cdn.qianqian.com/qianqian/pic/bos_client_e7bf5bd5fe8f6a242b3f705304f8def6.jpg"
        }
      ]
    },
    "diy": {
      "error_code": 22000,
      "result": [
        {
          "pic": "http://business.cdn.qianqian.com/qianqian/pic/bos_client_e0958e5ded6b5eaaf579218077b0d69f.jpg",
          "title": "歌声里装了一个世界，大气女声来袭",
          "tag": "华语,流行,散步",
          "collectnum": "523",
          "listid": "6910",
          "listenum": "38349",
          "type": "gedan"
        },
        {
          "pic": "http://business.cdn.qianqian.com/qianqian/pic/bos_client_7d6d12c3774bdc7ad485c8fedd35888f.jpg",
          "title": "徜徉浩瀚世界音乐之海",
          "tag": "世界音乐,民族,小语种",
          "collectnum": "308",
          "listid": "6913",
          "listenum": "3571",
          "type": "gedan"
        },
        {
          "pic": "http://business.cdn.qianqian.com/qianqian/pic/bos_client_f38f7975405124131e34195799ece870.jpg",
          "title": "如此温柔，你有没有一点点心动",
          "tag": "韩语,流行,好听",
          "collectnum": "393",
          "listid": "6916",
          "listenum": "10730",
          "type": "gedan"
        },
        {
          "pic": "http://business.cdn.qianqian.com/qianqian/pic/bos_client_76fb0067758d23516fbad44cac506ea2.jpg",
          "title": "来听这些与“梦”有关的歌曲",
          "tag": "华语,古风,安静,思念",
          "collectnum": "391",
          "listid": "6912",
          "listenum": "6080",
          "type": "gedan"
        },
        {
          "pic": "http://business.cdn.qianqian.com/qianqian/pic/bos_client_c62471f78f0b66299826a96b0863ccab.jpg",
          "title": "Don’t stop！生命在于运动",
          "tag": "欧美,运动,清晨",
          "collectnum": "540",
          "listid": "6893",
          "listenum": "33355",
          "type": "gedan"
        },
        {
          "pic": "http://business.cdn.qianqian.com/qianqian/pic/bos_client_326098648ce7a9808cc9174fee280890.jpg",
          "title": "说的比唱的好听，嘻哈说唱",
          "tag": "华语,说唱,兴奋",
          "collectnum": "501",
          "listid": "6907",
          "listenum": "11603",
          "type": "gedan"
        }
      ]
    },
    "mod_7": {
      "error_code": 22000,
      "result": [
        {
          "desc": "一周音乐热vol.40 网罗一周乐坛动态",
          "pic": "http://business.cdn.qianqian.com/qianqian/pic/bos_client_14696961768f7d3ec8c6497c33cee5168b783d6e89.jpg",
          "type_id": "http://music.baidu.com/cms/webview/topic_activity/mobile-tmp-v44/index.html",
          "type": 4,
          "title": "天后王菲新单《尘埃》 成功诠释了自拍的正确使用方法",
          "tip_type": 0,
          "author": ""
        },
        {
          "desc": "明星私房歌 | 听偶像听过的歌",
          "pic": "http://business.cdn.qianqian.com/qianqian/pic/bos_client_146918335981f4d0f33ebd0261c12681bf82c1f000.jpg",
          "type_id": "http://music.baidu.com/cms/webview/bigwig/20160720/index.html",
          "type": 4,
          "title": "方大同的私房歌单",
          "tip_type": 0,
          "author": ""
        },
        {
          "desc": "爱豆SHOW | 开刊期",
          "pic": "http://business.cdn.qianqian.com/qianqian/pic/bos_client_1468231547f51e804463498f2cf4d4a823e808695c.jpg",
          "type_id": "http://music.baidu.com/cms/webview/topic_activity/idolshow1/",
          "type": 4,
          "title": "可以的，这很男团！",
          "tip_type": 0,
          "author": ""
        },
        {
          "desc": "音乐大人物 | 带给你绝妙的音乐，独特的故事",
          "pic": "http://business.cdn.qianqian.com/qianqian/pic/bos_client_1468896128f750868760c30071cbf24e6112df5de3.jpg",
          "type_id": "http://music.baidu.com/cms/webview/bigwig/v6/index.html",
          "type": 4,
          "title": "专访SNH48 |互拼立FLAG，总决选拉票各出奇招",
          "tip_type": 0,
          "author": ""
        },
        {
          "desc": "百度音乐新歌榜 | 每周揭晓潮流新歌TOP10！",
          "pic": "http://business.cdn.qianqian.com/qianqian/pic/bos_client_14696963414942b616c4aa45ab2bddccea67d66e87.jpg",
          "type_id": "6855",
          "type": 0,
          "title": "李宇春《千年游》空降榜单 干净声线演绎中国风",
          "tip_type": 0,
          "author": ""
        }
      ]
    },
    "mix_9": {
      "error_code": 22000,
      "result": [
        {
          "desc": "",
          "pic": "http://business.cdn.qianqian.com/qianqian/pic/bos_client_146967370974b28132276cc62afa5a2f3d35fab54b.jpg",
          "type_id": "6818",
          "type": 0,
          "title": "新歌：《天地称王》",
          "tip_type": 0,
          "author": ""
        },
        {
          "desc": "",
          "pic": "http://business.cdn.qianqian.com/qianqian/pic/bos_client_1469436262e64803581f89d420a65ef514a7d3d9ef.jpg",
          "type_id": "http://y.baidu.com/tbang?pst=bdapp",
          "type": 4,
          "title": "T榜第5期30强出炉",
          "tip_type": 0,
          "author": ""
        },
        {
          "desc": "",
          "pic": "http://business.cdn.qianqian.com/qianqian/pic/bos_client_1469595864238d8c73612181178e47cb7e70a4e86c.jpg",
          "type_id": "6905",
          "type": 0,
          "title": "超女20强新鲜声音",
          "tip_type": 0,
          "author": ""
        }
      ]
    },
    "mix_22": {
      "error_code": 22000,
      "result": [
        {
          "desc": "ASTRO",
          "pic": "http://business.cdn.qianqian.com/qianqian/pic/bos_client_1467299018e158bfaa749171714fdedbc06b9ea181.jpg",
          "type_id": "http://music.baidu.com/cms/webview/song_buy/index/index.html?type=2&type_id=267175867&unchangeable",
          "type": 4,
          "title": "Summer Vibes",
          "tip_type": 3,
          "author": "ASTRO"
        },
        {
          "desc": "陈奕迅",
          "pic": "http://business.cdn.qianqian.com/qianqian/pic/bos_client_14661473424e73540a34f22bd12a110f5dfbdbaecb.jpg",
          "type_id": "http://music.baidu.com/cms/webview/song_buy/index/index.html?type=2&type_id=266618500&unchangeable",
          "type": 4,
          "title": "在这个世界相遇",
          "tip_type": 0,
          "author": "陈奕迅"
        },
        {
          "desc": "戴佩妮",
          "pic": "http://business.cdn.qianqian.com/qianqian/pic/bos_client_14661473975d277bf912abd5d6a4f5c5b29ed9e331.jpg",
          "type_id": "http://music.baidu.com/cms/webview/song_buy/index/index.html?type=2&type_id=266602949&unchangeable",
          "type": 4,
          "title": "未完不待续",
          "tip_type": 0,
          "author": "戴佩妮"
        }
      ]
    },
    "show_list": {
      "error_code": 22000,
      "result": [
        {
          "type": "learn",
          "picture_iphone6": "http://business.cdn.qianqian.com/qianqian/pic/bos_client_c7453fe5874d4638c7209f6ac31ec819.jpg",
          "picture": "http://business.cdn.qianqian.com/qianqian/pic/bos_client_770544fad085c9b5d09708241cc623ad.jpg",
          "web_url": "http://music.baidu.com/cms/webview/ktv_activity/20160722/"
        },
        {
          "type": "learn",
          "picture_iphone6": "http://business.cdn.qianqian.com/qianqian/pic/bos_client_3c7bdcb1915d176ddd1899cf7b80b85f.jpg",
          "picture": "http://business.cdn.qianqian.com/qianqian/pic/bos_client_c384a96b3c9a60470b8f5dfa1d5c34c3.jpg",
          "web_url": "http://music.baidu.com/cms/webview/ktv_activity/20160617/index.html"
        }
      ]
    },
    "entry": {
      "error_code": 22000,
      "result": [
        {
          "day": "",
          "title": "歌曲分类",
          "icon": "http://business.cdn.qianqian.com/qianqian/pic/bos_client_146398764316d87d01865b91f90a598777b1569fdf.jpg",
          "jump": "1"
        },
        {
          "day": "",
          "title": "全部歌手",
          "icon": "http://business.cdn.qianqian.com/qianqian/pic/bos_client_14639875926652ed7c4988517cab87526f15d8f359.jpg",
          "jump": "2"
        },
        {
          "day": "28",
          "title": "今日推荐歌曲",
          "icon": "http://business.cdn.qianqian.com/qianqian/pic/bos_client_1463987629793f4361391282bde14d9b19156cfac3.jpg",
          "jump": "0"
        }
      ]
    },
    "scene": {
      "result": {
        "action": [
          {
            "icon_ios": "http://b.hiphotos.baidu.com/ting/pic/item/94cad1c8a786c917cd5a64c9cf3d70cf3ac757e0.jpg",
            "scene_name": "在路上",
            "bgpic_android": "",
            "icon_android": "http://c.hiphotos.baidu.com/ting/pic/item/b999a9014c086e06604a914805087bf40bd1cbd7.jpg",
            "scene_model": "2",
            "scene_desc": "",
            "bgpic_ios": "",
            "scene_id": "0"
          },
          {
            "icon_ios": "http://c.hiphotos.baidu.com/ting/pic/item/b3fb43166d224f4a0e1143e30ff790529922d1b1.jpg",
            "scene_name": "一个人",
            "bgpic_android": "",
            "icon_android": "http://c.hiphotos.baidu.com/ting/pic/item/f636afc379310a55e4d177f7b04543a98226103f.jpg",
            "scene_model": "1",
            "scene_desc": "",
            "bgpic_ios": "",
            "scene_id": "10"
          },
          {
            "icon_ios": "http://b.hiphotos.baidu.com/ting/pic/item/5366d0160924ab18426ed0c733fae6cd7a890bc1.jpg",
            "scene_name": "运动",
            "bgpic_android": "",
            "icon_android": "http://a.hiphotos.baidu.com/ting/pic/item/8326cffc1e178a82d9d1d1a3f103738da877e8c0.jpg",
            "scene_model": "1",
            "scene_desc": "",
            "bgpic_ios": "",
            "scene_id": "1"
          },
          {
            "icon_ios": "http://b.hiphotos.baidu.com/ting/pic/item/5bafa40f4bfbfbed7770128f7ef0f736afc31f10.jpg",
            "scene_name": "做家务",
            "bgpic_android": "",
            "icon_android": "http://b.hiphotos.baidu.com/ting/pic/item/960a304e251f95cad85a0fb5ce177f3e67095201.jpg",
            "scene_model": "1",
            "scene_desc": "",
            "bgpic_ios": "",
            "scene_id": "31"
          },
          {
            "icon_ios": "http://b.hiphotos.baidu.com/ting/pic/item/a5c27d1ed21b0ef4d176a9aedbc451da80cb3ea7.jpg",
            "scene_name": "放松",
            "bgpic_android": "",
            "icon_android": "http://a.hiphotos.baidu.com/ting/pic/item/0b7b02087bf40ad1e3996ee0502c11dfa9ecceb0.jpg",
            "scene_model": "1",
            "scene_desc": "",
            "bgpic_ios": "",
            "scene_id": "8"
          },
          {
            "icon_ios": "http://c.hiphotos.baidu.com/ting/pic/item/6159252dd42a28340be30dfb5db5c9ea14cebffc.jpg",
            "scene_name": "蹲马桶",
            "bgpic_android": "",
            "icon_android": "http://b.hiphotos.baidu.com/ting/pic/item/11385343fbf2b2112cb92e4dcd8065380cd78e1a.jpg",
            "scene_model": "1",
            "scene_desc": "",
            "bgpic_ios": "",
            "scene_id": "22"
          }
        ],
        "emotion": [
          {
            "icon_ios": "http://b.hiphotos.baidu.com/ting/pic/item/9d82d158ccbf6c810ea60f18ba3eb13532fa40a8.jpg",
            "scene_name": "治愈",
            "bgpic_android": "",
            "icon_android": "http://a.hiphotos.baidu.com/ting/pic/item/472309f790529822ffa5a6c0d0ca7bcb0a46d41b.jpg",
            "scene_model": "1",
            "scene_desc": "",
            "bgpic_ios": "",
            "scene_id": "37"
          },
          {
            "icon_ios": "http://d.hiphotos.baidu.com/ting/pic/item/7acb0a46f21fbe094353e1e46d600c338744ad34.jpg",
            "scene_name": "轻松",
            "bgpic_android": "",
            "icon_android": "http://c.hiphotos.baidu.com/ting/pic/item/bf096b63f6246b609bc02d77ecf81a4c500fa2e3.jpg",
            "scene_model": "1",
            "scene_desc": "",
            "bgpic_ios": "",
            "scene_id": "40"
          },
          {
            "icon_ios": "http://b.hiphotos.baidu.com/ting/pic/item/a1ec08fa513d26974c932aad53fbb2fb4216d8f9.jpg",
            "scene_name": "开心",
            "bgpic_android": "",
            "icon_android": "http://c.hiphotos.baidu.com/ting/pic/item/f703738da9773912e4621a62ff198618367ae269.jpg",
            "scene_model": "1",
            "scene_desc": "",
            "bgpic_ios": "",
            "scene_id": "38"
          },
          {
            "icon_ios": "http://d.hiphotos.baidu.com/ting/pic/item/3c6d55fbb2fb431677aa588a26a4462308f7d38c.jpg",
            "scene_name": "醉了",
            "bgpic_android": "",
            "icon_android": "http://b.hiphotos.baidu.com/ting/pic/item/5ab5c9ea15ce36d37d9c1c333df33a87e950b11d.jpg",
            "scene_model": "1",
            "scene_desc": "",
            "bgpic_ios": "",
            "scene_id": "39"
          },
          {
            "icon_ios": "http://a.hiphotos.baidu.com/ting/pic/item/d058ccbf6c81800a94d3a4feb73533fa828b470f.jpg",
            "scene_name": "思念",
            "bgpic_android": "",
            "icon_android": "http://b.hiphotos.baidu.com/ting/pic/item/aa64034f78f0f736eac8d2020d55b319ebc413fa.jpg",
            "scene_model": "1",
            "scene_desc": "",
            "bgpic_ios": "",
            "scene_id": "41"
          }
        ],
        "operation": [
          {
            "icon_ios": "http://b.hiphotos.baidu.com/ting/pic/item/18d8bc3eb13533faf2ba9fa3aed3fd1f41345b2a.jpg",
            "scene_name": "网络歌曲",
            "bgpic_android": "",
            "icon_android": "http://b.hiphotos.baidu.com/ting/pic/item/9922720e0cf3d7ca73313874f51fbe096a63a9e8.jpg",
            "scene_model": "1",
            "scene_desc": "",
            "bgpic_ios": "",
            "scene_id": "156"
          },
          {
            "icon_ios": "http://c.hiphotos.baidu.com/ting/pic/item/faedab64034f78f04fd1977e7f310a55b2191c60.jpg",
            "scene_name": "古风",
            "bgpic_android": "",
            "icon_android": "http://c.hiphotos.baidu.com/ting/pic/item/2cf5e0fe9925bc313c5e079a59df8db1cb1370b4.jpg",
            "scene_model": "1",
            "scene_desc": "",
            "bgpic_ios": "",
            "scene_id": "157"
          },
          {
            "icon_ios": "http://d.hiphotos.baidu.com/ting/pic/item/c8ea15ce36d3d539961d09c13d87e950352ab08b.jpg",
            "scene_name": "舒缓",
            "bgpic_android": "",
            "icon_android": "http://a.hiphotos.baidu.com/ting/pic/item/0824ab18972bd40792add5ff7c899e510fb3094d.jpg",
            "scene_model": "1",
            "scene_desc": "",
            "bgpic_ios": "",
            "scene_id": "159"
          },
          {
            "icon_ios": "http://a.hiphotos.baidu.com/ting/pic/item/d01373f082025aaff566d3a4fcedab64034f1a0c.jpg",
            "scene_name": "热歌",
            "bgpic_android": "",
            "icon_android": "http://a.hiphotos.baidu.com/ting/pic/item/838ba61ea8d3fd1f55b20f55374e251f95ca5f21.jpg",
            "scene_model": "1",
            "scene_desc": "",
            "bgpic_ios": "",
            "scene_id": "162"
          },
          {
            "icon_ios": "http://d.hiphotos.baidu.com/ting/pic/item/cb8065380cd79123bb1999f9ab345982b3b78045.jpg",
            "scene_name": "小清新",
            "bgpic_android": "",
            "icon_android": "http://a.hiphotos.baidu.com/ting/pic/item/80cb39dbb6fd526672003a16ac18972bd407368c.jpg",
            "scene_model": "1",
            "scene_desc": "",
            "bgpic_ios": "",
            "scene_id": "158"
          },
          {
            "icon_ios": "http://c.hiphotos.baidu.com/ting/pic/item/bd3eb13533fa828bd727916efb1f4134970a5a32.jpg",
            "scene_name": "新歌抢鲜听",
            "bgpic_android": "",
            "icon_android": "http://b.hiphotos.baidu.com/ting/pic/item/9213b07eca8065382359a31190dda144ad348204.jpg",
            "scene_model": "1",
            "scene_desc": "网罗全球最新歌曲",
            "bgpic_ios": "",
            "scene_id": "33"
          },
          {
            "icon_ios": "http://a.hiphotos.baidu.com/ting/pic/item/dbb44aed2e738bd461c6bebca78b87d6267ff95c.jpg",
            "scene_name": "情人节",
            "bgpic_android": "",
            "icon_android": "http://c.hiphotos.baidu.com/ting/pic/item/63d0f703918fa0ecfe25630f219759ee3c6ddbd6.jpg",
            "scene_model": "1",
            "scene_desc": "",
            "bgpic_ios": "",
            "scene_id": "155"
          },
          {
            "icon_ios": "http://a.hiphotos.baidu.com/ting/pic/item/4a36acaf2edda3cc469cb5ad07e93901203f92c6.jpg",
            "scene_name": "校园歌曲",
            "bgpic_android": "",
            "icon_android": "http://b.hiphotos.baidu.com/ting/pic/item/a71ea8d3fd1f4134ed57037c221f95cad1c85e4b.jpg",
            "scene_model": "1",
            "scene_desc": "",
            "bgpic_ios": "",
            "scene_id": "160"
          },
          {
            "icon_ios": "http://d.hiphotos.baidu.com/ting/pic/item/c2fdfc039245d6884448bf29a2c27d1ed31b24f0.jpg",
            "scene_name": "经典老歌",
            "bgpic_android": "",
            "icon_android": "http://a.hiphotos.baidu.com/ting/pic/item/d058ccbf6c81800a68b98f0cb63533fa828b4757.jpg",
            "scene_model": "1",
            "scene_desc": "",
            "bgpic_ios": "",
            "scene_id": "161"
          }
        ],
        "other": [
          {
            "icon_ios": "http://d.hiphotos.baidu.com/ting/pic/item/377adab44aed2e7364d7a8dc8101a18b87d6fa00.jpg",
            "scene_name": "2000年代",
            "bgpic_android": "",
            "icon_android": "http://b.hiphotos.baidu.com/ting/pic/item/aa64034f78f0f736ec9dd4020d55b319ebc41355.jpg",
            "scene_model": "1",
            "scene_desc": "",
            "bgpic_ios": "",
            "scene_id": "71"
          },
          {
            "icon_ios": "http://c.hiphotos.baidu.com/ting/pic/item/b2de9c82d158ccbfe74098ca1fd8bc3eb0354145.jpg",
            "scene_name": "国语",
            "bgpic_android": "",
            "icon_android": "http://a.hiphotos.baidu.com/ting/pic/item/d439b6003af33a87423e9e19c15c10385343b566.jpg",
            "scene_model": "1",
            "scene_desc": "",
            "bgpic_ios": "",
            "scene_id": "42"
          },
          {
            "icon_ios": "http://c.hiphotos.baidu.com/ting/pic/item/f2deb48f8c5494ee82b526e92bf5e0fe98257eae.jpg",
            "scene_name": "民谣",
            "bgpic_android": "",
            "icon_android": "http://b.hiphotos.baidu.com/ting/pic/item/a044ad345982b2b76a8ea2c736adcbef76099ba4.jpg",
            "scene_model": "1",
            "scene_desc": "",
            "bgpic_ios": "",
            "scene_id": "50"
          }
        ]
      },
      "error_code": 22000,
      "config": [
        {
          "color_other": "",
          "play_color": "",
          "scene_version": 0,
          "desc": "",
          "end_time": 0,
          "start_time": 0,
          "scene_color": "",
          "bgpic": "",
          "bgpic_special": "",
          "button_color": ""
        }
      ]
    },
    "mix_5": {
      "error_code": 22000,
      "result": [
        {
          "desc": "马天宇",
          "pic": "http://business.cdn.qianqian.com/qianqian/pic/bos_client_14696735473bf6a03661cfb55e38964db2cdd66742.jpg",
          "type_id": "268052354",
          "type": 5,
          "title": "手花",
          "tip_type": 0,
          "author": "马天宇"
        },
        {
          "desc": "吴亦凡",
          "pic": "http://business.cdn.qianqian.com/qianqian/pic/bos_client_14695265034b633d54e8a902ce806c1b793b0f8b3f.jpg",
          "type_id": "268022595",
          "type": 5,
          "title": "从此以后",
          "tip_type": 0,
          "author": "吴亦凡"
        },
        {
          "desc": "五月天",
          "pic": "http://business.cdn.qianqian.com/qianqian/pic/bos_client_14694153820c02a2b06654b13259128e8bf70710c0.jpg",
          "type_id": "267915201",
          "type": 5,
          "title": "后来的我们",
          "tip_type": 0,
          "author": "五月天"
        },
        {
          "desc": "薛之谦",
          "pic": "http://business.cdn.qianqian.com/qianqian/pic/bos_client_1469415297ef0ec142ff8f1a559dff102e3e65f444.jpg",
          "type_id": "267915797",
          "type": 5,
          "title": "我好像在哪里见过你",
          "tip_type": 0,
          "author": "薛之谦"
        },
        {
          "desc": "张韶涵",
          "pic": "http://business.cdn.qianqian.com/qianqian/pic/bos_client_146908096940a5cfb0d0ddb1e24ebaa53da4dbc888.jpg",
          "type_id": "267866518",
          "type": 5,
          "title": "不害怕",
          "tip_type": 0,
          "author": "张韶涵"
        },
        {
          "desc": "王铮亮",
          "pic": "http://business.cdn.qianqian.com/qianqian/pic/bos_client_1469080819899648b215e7ea8f513a7b9e95a748c5.jpg",
          "type_id": "267840367",
          "type": 5,
          "title": "你是我的",
          "tip_type": 0,
          "author": "王铮亮"
        }
      ]
    },
    "mix_1": {
      "error_code": 22000,
      "result": [
        {
          "desc": "韩庚",
          "pic": "http://business.cdn.qianqian.com/qianqian/pic/bos_client_146967824981fba7d75067700dbb11139b6e281b47.jpg",
          "type_id": "268108514",
          "type": 2,
          "title": "一生所爱 (新编曲版)",
          "tip_type": 0,
          "author": "韩庚"
        },
        {
          "desc": "祁隆",
          "pic": "http://business.cdn.qianqian.com/qianqian/pic/bos_client_1469672285aa1239d0e00543d967a138198f6ab19c.jpg",
          "type_id": "268081987",
          "type": 2,
          "title": "惦记",
          "tip_type": 3,
          "author": "祁隆"
        },
        {
          "desc": "方大同/王力宏",
          "pic": "http://business.cdn.qianqian.com/qianqian/pic/bos_client_1469548728cef2448ff479ccde4388d1de41a6cb3e.jpg",
          "type_id": "268006646",
          "type": 2,
          "title": "JTW 西游记",
          "tip_type": 0,
          "author": "方大同/王力宏"
        },
        {
          "desc": "지연/준형",
          "pic": "http://business.cdn.qianqian.com/qianqian/pic/bos_client_1469515920836aceca482e14e065ad900ded9ab901.jpg",
          "type_id": "268027109",
          "type": 2,
          "title": "바라보다 심쿵",
          "tip_type": 0,
          "author": "지연/준형"
        },
        {
          "desc": "阿兰",
          "pic": "http://business.cdn.qianqian.com/qianqian/pic/bos_client_1469437845f2f207eac5674c7d321749aed4f1e02a.jpg",
          "type_id": "268004122",
          "type": 2,
          "title": "一朵云",
          "tip_type": 0,
          "author": "阿兰"
        },
        {
          "desc": "信",
          "pic": "http://business.cdn.qianqian.com/qianqian/pic/bos_client_14694356171a7f496418e0f55228c4fdff6940e542.jpg",
          "type_id": "267998231",
          "type": 2,
          "title": "危城",
          "tip_type": 0,
          "author": "信"
        },
        {
          "desc": "王青",
          "pic": "http://business.cdn.qianqian.com/qianqian/pic/bos_client_146943062008df0af1b5428ff1898a680beb03e0e7.jpg",
          "type_id": "267994993",
          "type": 2,
          "title": "逍遥",
          "tip_type": 0,
          "author": "王青"
        },
        {
          "desc": "吉克隽逸",
          "pic": "http://business.cdn.qianqian.com/qianqian/pic/bos_client_146942695744fc9745c150ddf378e7eec785e1bc53.jpg",
          "type_id": "267999328",
          "type": 2,
          "title": "Mad Man killer",
          "tip_type": 0,
          "author": "吉克隽逸"
        },
        {
          "desc": "张靓颖",
          "pic": "http://business.cdn.qianqian.com/qianqian/pic/bos_client_14694228464bf1abf6f0f94199560108c268b18dac.jpg",
          "type_id": "267997588",
          "type": 2,
          "title": "808",
          "tip_type": 0,
          "author": "张靓颖"
        },
        {
          "desc": "王菲",
          "pic": "http://business.cdn.qianqian.com/qianqian/pic/bos_client_1469153187ed06f769e043d98f87443036b2c5b909.jpg",
          "type_id": "267778552",
          "type": 2,
          "title": "尘埃",
          "tip_type": 3,
          "author": "王菲"
        },
        {
          "desc": "吴亦凡",
          "pic": "http://business.cdn.qianqian.com/qianqian/pic/bos_client_14691575550bc3bc8537072826f862a0c3dc8d2fd6.jpg",
          "type_id": "267915082",
          "type": 2,
          "title": "从此以后",
          "tip_type": 0,
          "author": "吴亦凡"
        },
        {
          "desc": "曲婉婷",
          "pic": "http://business.cdn.qianqian.com/qianqian/pic/bos_client_1469157818c4b2a4acef5cd6b9e762e394cbf71126.jpg",
          "type_id": "267915327",
          "type": 2,
          "title": "Your Girl",
          "tip_type": 0,
          "author": "曲婉婷"
        },
        {
          "desc": "Katy Perry",
          "pic": "http://business.cdn.qianqian.com/qianqian/pic/bos_client_1469117442c581f5d8e3cde04f707c9f3bd145472d.jpg",
          "type_id": "267905926",
          "type": 2,
          "title": "Rise",
          "tip_type": 0,
          "author": "Katy Perry"
        },
        {
          "desc": "王铮亮",
          "pic": "http://business.cdn.qianqian.com/qianqian/pic/bos_client_1469073834553ecdb498f31d93b2e0e8737158969c.jpg",
          "type_id": "267873561",
          "type": 2,
          "title": "穿越无限",
          "tip_type": 0,
          "author": "王铮亮"
        },
        {
          "desc": "冯建宇",
          "pic": "http://business.cdn.qianqian.com/qianqian/pic/bos_client_1469071730630f5210265d5ce1e371132f38de1f6a.jpg",
          "type_id": "266784256",
          "type": 2,
          "title": "爱为你出发",
          "tip_type": 0,
          "author": "冯建宇"
        },
        {
          "desc": "SNH48",
          "pic": "http://business.cdn.qianqian.com/qianqian/pic/bos_client_14688215291170997338fa1d8d7f1b3cb2922a563b.jpg",
          "type_id": "267774747",
          "type": 2,
          "title": "星愿",
          "tip_type": 0,
          "author": "SNH48"
        },
        {
          "desc": "黄子韬",
          "pic": "http://business.cdn.qianqian.com/qianqian/pic/bos_client_14688195894a74b7efc02ffadbf4c69417b2831cf4.jpg",
          "type_id": "267774866",
          "type": 2,
          "title": "Black White （AB）",
          "tip_type": 0,
          "author": "黄子韬"
        },
        {
          "desc": "曲婉婷",
          "pic": "http://business.cdn.qianqian.com/qianqian/pic/bos_client_14688134368a790a5bc226b4b60ec5b606cbe8f325.jpg",
          "type_id": "267767583",
          "type": 2,
          "title": "最好的安排",
          "tip_type": 0,
          "author": "曲婉婷"
        },
        {
          "desc": "薛之谦",
          "pic": "http://business.cdn.qianqian.com/qianqian/pic/bos_client_146877095576dc8dc35a361ef018c2c52befabfb03.jpg",
          "type_id": "241838068",
          "type": 2,
          "title": "初学者",
          "tip_type": 0,
          "author": "薛之谦"
        },
        {
          "desc": "戴佩妮",
          "pic": "http://business.cdn.qianqian.com/qianqian/pic/bos_client_14687710826375c77adda4e39ba30e6a7b08822f24.jpg",
          "type_id": "267709706",
          "type": 2,
          "title": "非诚勿扰",
          "tip_type": 0,
          "author": "戴佩妮"
        },
        {
          "desc": "小野丽莎",
          "pic": "http://business.cdn.qianqian.com/qianqian/pic/bos_client_1468813496866b01be299833633248eca441076f86.jpg",
          "type_id": "267771590",
          "type": 2,
          "title": "等待你出现",
          "tip_type": 0,
          "author": "小野丽莎"
        },
        {
          "desc": "G.E.M.邓紫棋",
          "pic": "http://business.cdn.qianqian.com/qianqian/pic/bos_client_1468749646e696d6c4da68bfb9ab61d1fc279c60e2.jpg",
          "type_id": "267472929",
          "type": 2,
          "title": "夜空中最亮的星",
          "tip_type": 0,
          "author": "G.E.M.邓紫棋"
        },
        {
          "desc": "Jessica",
          "pic": "http://business.cdn.qianqian.com/qianqian/pic/bos_client_14685988058337c818c9d47b55a9fb5d0953c14d1c.jpg",
          "type_id": "267710527",
          "type": 2,
          "title": "With Love, J (Korean Ver.)",
          "tip_type": 0,
          "author": "Jessica"
        },
        {
          "desc": "火星电台",
          "pic": "http://business.cdn.qianqian.com/qianqian/pic/bos_client_1468598765fbc4771f88822af0edaa81c782ed6cae.jpg",
          "type_id": "267713608",
          "type": 2,
          "title": "陆垚知马俐",
          "tip_type": 0,
          "author": "火星电台"
        },
        {
          "desc": "群星",
          "pic": "http://business.cdn.qianqian.com/qianqian/pic/bos_client_146857931875f87adc021b4e1256b43899685d6454.jpg",
          "type_id": "267703102",
          "type": 2,
          "title": "九州天空城电视剧原声大碟",
          "tip_type": 0,
          "author": "群星"
        },
        {
          "desc": "徐良",
          "pic": "http://business.cdn.qianqian.com/qianqian/pic/bos_client_1468571206ef0798a794d9539e69def9593c3c4873.jpg",
          "type_id": "266647036",
          "type": 2,
          "title": "请在哔声后留言",
          "tip_type": 0,
          "author": "徐良"
        },
        {
          "desc": "郁可唯",
          "pic": "http://business.cdn.qianqian.com/qianqian/pic/bos_client_146846128337d1037444f102526b1807b91524d719.jpg",
          "type_id": "267604049",
          "type": 2,
          "title": "时光正好",
          "tip_type": 3,
          "author": "郁可唯"
        },
        {
          "desc": "许诺/汪思妤",
          "pic": "http://business.cdn.qianqian.com/qianqian/pic/bos_client_1468408428d560571b8bee38e85ae80ca47c943b1c.jpg",
          "type_id": "267568714",
          "type": 2,
          "title": "我要和你在一起",
          "tip_type": 0,
          "author": "许诺/汪思妤"
        },
        {
          "desc": "马天宇",
          "pic": "http://business.cdn.qianqian.com/qianqian/pic/bos_client_1468288923b31e348a55ca6baf6313c2cdb8194399.jpg",
          "type_id": "267534315",
          "type": 2,
          "title": "手花",
          "tip_type": 0,
          "author": "马天宇"
        },
        {
          "desc": "成龙/魏允熙",
          "pic": "http://business.cdn.qianqian.com/qianqian/pic/bos_client_14682526876a782411df6078968a89dd109e072ea3.jpg",
          "type_id": "267534159",
          "type": 2,
          "title": "明明白白我的心2016",
          "tip_type": 0,
          "author": "成龙/魏允熙"
        },
        {
          "desc": "丛日新",
          "pic": "http://business.cdn.qianqian.com/qianqian/pic/bos_client_1468211070c5b9ea30672639fb5148e04ec8213a91.jpg",
          "type_id": "267520074",
          "type": 2,
          "title": "丛日新的不正常音乐日记",
          "tip_type": 3,
          "author": "丛日新"
        },
        {
          "desc": "胡彦斌",
          "pic": "http://business.cdn.qianqian.com/qianqian/pic/bos_client_14681657490f6479eb3de3784466f3ef8df31671d3.jpg",
          "type_id": "266566876",
          "type": 2,
          "title": "还魂门",
          "tip_type": 0,
          "author": "胡彦斌"
        },
        {
          "desc": "赵泳鑫",
          "pic": "http://business.cdn.qianqian.com/qianqian/pic/bos_client_1468165716d42760dcfd965883c1fd6d1431c2daae.jpg",
          "type_id": "266566876",
          "type": 2,
          "title": "Get Out",
          "tip_type": 0,
          "author": "赵泳鑫"
        },
        {
          "desc": "侯明昊",
          "pic": "http://business.cdn.qianqian.com/qianqian/pic/bos_client_1468217137ebf76a90b805bb57f2d21039937a160f.jpg",
          "type_id": "267524046",
          "type": 2,
          "title": "超能奶爸",
          "tip_type": 0,
          "author": "侯明昊"
        },
        {
          "desc": "G.E.M.邓紫棋",
          "pic": "http://business.cdn.qianqian.com/qianqian/pic/bos_client_1468119975c46c7c4c3101f0b3f176920e97084f8b.jpg",
          "type_id": "267473615",
          "type": 2,
          "title": "喜欢你 (EDM Mix)",
          "tip_type": 0,
          "author": "G.E.M.邓紫棋"
        },
        {
          "desc": "李宇春",
          "pic": "http://business.cdn.qianqian.com/qianqian/pic/bos_client_1468029575f7648052ae1d91d0d9a954a5d4d4a741.jpg",
          "type_id": "267447286",
          "type": 2,
          "title": "千年游",
          "tip_type": 0,
          "author": "李宇春"
        },
        {
          "desc": "华晨宇",
          "pic": "http://business.cdn.qianqian.com/qianqian/pic/bos_client_1467906741cf60e91e08fcd10cb2ac5a8148667ab0.jpg",
          "type_id": "267407715",
          "type": 2,
          "title": "Here We Are",
          "tip_type": 0,
          "author": "华晨宇"
        },
        {
          "desc": "齐秦",
          "pic": "http://business.cdn.qianqian.com/qianqian/pic/bos_client_1467856471a9e97c41be58017729cfca44ca0c8cce.jpg",
          "type_id": "267372454",
          "type": 2,
          "title": "借根烟",
          "tip_type": 3,
          "author": "齐秦"
        },
        {
          "desc": "李昊瀚（山野）",
          "pic": "http://business.cdn.qianqian.com/qianqian/pic/bos_client_146802962057145607bc7006c5b4174bc4f246639a.jpg",
          "type_id": "267403967",
          "type": 2,
          "title": "男人花",
          "tip_type": 0,
          "author": "李昊瀚（山野）"
        },
        {
          "desc": "信",
          "pic": "http://business.cdn.qianqian.com/qianqian/pic/bos_client_1467865046b4bb12677d8b42764e597d0c1e724ee7.jpg",
          "type_id": "267396946",
          "type": 2,
          "title": "钢铁心 (电影危城版)",
          "tip_type": 0,
          "author": "信"
        },
        {
          "desc": "弘诺方舟",
          "pic": "http://business.cdn.qianqian.com/qianqian/pic/bos_client_146796389820026fdb51fc534b60766150759f576d.jpg",
          "type_id": "267400805",
          "type": 2,
          "title": "走过花开",
          "tip_type": 0,
          "author": "弘诺方舟"
        },
        {
          "desc": "SUHO/CHEN",
          "pic": "http://business.cdn.qianqian.com/qianqian/pic/bos_client_14678878463f27b7c46245d311865d52c1ba9df7b5.jpg",
          "type_id": "267413684",
          "type": 2,
          "title": "美好的意外",
          "tip_type": 0,
          "author": "SUHO/CHEN"
        },
        {
          "desc": "袁姗姗",
          "pic": "http://business.cdn.qianqian.com/qianqian/pic/bos_client_1467820684944dd99132b8c2e89c9e1792ddde7472.jpg",
          "type_id": "267374658",
          "type": 2,
          "title": "有你就足够",
          "tip_type": 0,
          "author": "袁姗姗"
        },
        {
          "desc": "苏运莹",
          "pic": "http://business.cdn.qianqian.com/qianqian/pic/bos_client_14677866421c62d9ce406a13db0b3dead4d0fcabff.jpg",
          "type_id": "267360285",
          "type": 2,
          "title": "后来",
          "tip_type": 0,
          "author": "苏运莹"
        },
        {
          "desc": "SNH48",
          "pic": "http://business.cdn.qianqian.com/qianqian/pic/bos_client_1467699014d883c0be2e1b980681e21b451e2be63a.jpg",
          "type_id": "267324470",
          "type": 2,
          "title": "早安梦幻岛",
          "tip_type": 0,
          "author": "SNH48"
        },
        {
          "desc": "张碧晨",
          "pic": "http://business.cdn.qianqian.com/qianqian/pic/bos_client_146769130733572444df18df0e7b57289929a8ea11.jpg",
          "type_id": "267323345",
          "type": 2,
          "title": "为什么我好想告诉他我是谁",
          "tip_type": 0,
          "author": "张碧晨"
        },
        {
          "desc": "乌兰图雅",
          "pic": "http://business.cdn.qianqian.com/qianqian/pic/bos_client_1467625497873003984ac5f6cdb45a15c18be41bf9.jpg",
          "type_id": "267171722",
          "type": 2,
          "title": "中华大花园",
          "tip_type": 0,
          "author": "乌兰图雅"
        },
        {
          "desc": "李行亮",
          "pic": "http://business.cdn.qianqian.com/qianqian/pic/bos_client_14676209188129e733db8f87a1a37faf71b3d320c2.jpg",
          "type_id": "267174725",
          "type": 2,
          "title": "回忆至此",
          "tip_type": 0,
          "author": "李行亮"
        },
        {
          "desc": "梁博",
          "pic": "http://business.cdn.qianqian.com/qianqian/pic/bos_client_146761321660b62d39096a5868605fadb0f7ea17b2.jpg",
          "type_id": "267293087",
          "type": 2,
          "title": "喜剧",
          "tip_type": 0,
          "author": "梁博"
        },
        {
          "desc": "陈洁仪",
          "pic": "http://business.cdn.qianqian.com/qianqian/pic/bos_client_14675614138c50057eff2aa9ef931a0b2dc4624c6b.jpg",
          "type_id": "265794735",
          "type": 2,
          "title": "天堂边缘",
          "tip_type": 0,
          "author": "陈洁仪"
        },
        {
          "desc": "SKULL&HAHA",
          "pic": "http://business.cdn.qianqian.com/qianqian/pic/bos_client_1467388278b293de95041f9db20173b451a60f7184.jpg",
          "type_id": "267236538",
          "type": 2,
          "title": "不要笑（웃지마）",
          "tip_type": 0,
          "author": "SKULL&HAHA"
        },
        {
          "desc": "防弹少年团",
          "pic": "http://business.cdn.qianqian.com/qianqian/pic/bos_client_14673813629195ea2cb5bc74fc83857757330bf1ec.jpg",
          "type_id": "267237978",
          "type": 2,
          "title": "花样年华 (Young Forever)",
          "tip_type": 0,
          "author": "防弹少年团"
        },
        {
          "desc": "夏天Alex",
          "pic": "http://business.cdn.qianqian.com/qianqian/pic/bos_client_146735244042d374fc9a65fedfe0d49f32ba83cf54.jpg",
          "type_id": "267170517",
          "type": 2,
          "title": "一个人一座城",
          "tip_type": 0,
          "author": "夏天Alex"
        },
        {
          "desc": "韩磊",
          "pic": "http://business.cdn.qianqian.com/qianqian/pic/bos_client_1467346093c6c98ff640a2c8a2a534fedb9096d0a4.jpg",
          "type_id": "267194310",
          "type": 2,
          "title": "花开年少",
          "tip_type": 0,
          "author": "韩磊"
        },
        {
          "desc": "张磊",
          "pic": "http://business.cdn.qianqian.com/qianqian/pic/bos_client_1467344747fe685f0a30299900837594fe6bde3304.jpg",
          "type_id": "267193982",
          "type": 2,
          "title": "未了歌",
          "tip_type": 0,
          "author": "张磊"
        },
        {
          "desc": "Rihanna",
          "pic": "http://business.cdn.qianqian.com/qianqian/pic/bos_client_146717271033e305a9c8996d4cf9be786f71a1d0d1.jpg",
          "type_id": "267088259",
          "type": 2,
          "title": "Sledgehammer",
          "tip_type": 0,
          "author": "Rihanna"
        },
        {
          "desc": "方大同/张靓颖",
          "pic": "http://business.cdn.qianqian.com/qianqian/pic/bos_client_1467083263447991dca6a060a09ff847296851bba9.jpg",
          "type_id": "267089942",
          "type": 2,
          "title": "无所谓",
          "tip_type": 0,
          "author": "方大同/张靓颖"
        },
        {
          "desc": "谭维维",
          "pic": "http://business.cdn.qianqian.com/qianqian/pic/bos_client_1467043097dd6ae5d70656459e87cf569c2e799b99.jpg",
          "type_id": "267063767",
          "type": 2,
          "title": "万物有灵",
          "tip_type": 0,
          "author": "谭维维"
        },
        {
          "desc": "Brian Tyler",
          "pic": "http://business.cdn.qianqian.com/qianqian/pic/bos_client_1467180415176837ce3b01daef886bd6724ebcd67c.jpg",
          "type_id": "266397998",
          "type": 2,
          "title": "惊天魔盗团2 OST",
          "tip_type": 0,
          "author": "Brian Tyler"
        },
        {
          "desc": "许嵩",
          "pic": "http://business.cdn.qianqian.com/qianqian/pic/bos_client_1466956785702ad6cfd32b810d9ed5eba55c6e4b23.jpg",
          "type_id": "264972901",
          "type": 2,
          "title": "青年晚报",
          "tip_type": 0,
          "author": "许嵩"
        },
        {
          "desc": "鹿晗/潘玮柏/大张伟",
          "pic": "http://business.cdn.qianqian.com/qianqian/pic/bos_client_14668693377a011771e2cb9d036c91c230eda62229.jpg",
          "type_id": "266990136",
          "type": 2,
          "title": "重返十七岁",
          "tip_type": 0,
          "author": "鹿晗/潘玮柏/大张伟"
        },
        {
          "desc": "薛之谦",
          "pic": "http://business.cdn.qianqian.com/qianqian/pic/bos_client_1466676379f201bdf2c3c41cef7b74985aee3b7e23.jpg",
          "type_id": "266941947",
          "type": 2,
          "title": "我好像在哪见过你",
          "tip_type": 0,
          "author": "薛之谦"
        },
        {
          "desc": "李天华",
          "pic": "http://business.cdn.qianqian.com/qianqian/pic/bos_client_1467043141bd764ff303a86b02bc3d404f8b1739af.jpg",
          "type_id": "266966612",
          "type": 2,
          "title": "茶马古道",
          "tip_type": 3,
          "author": "李天华"
        },
        {
          "desc": "黄龄",
          "pic": "http://business.cdn.qianqian.com/qianqian/pic/bos_client_14666698279661c87a2fd2dc6da1e1e711858a62bb.jpg",
          "type_id": "266938662",
          "type": 2,
          "title": "Wake Up",
          "tip_type": 0,
          "author": "黄龄"
        },
        {
          "desc": "电视原声",
          "pic": "http://business.cdn.qianqian.com/qianqian/pic/bos_client_146657376140d22e6df173bc8dd7f990128cedc331.jpg",
          "type_id": "266874216",
          "type": 2,
          "title": "太阳的后裔 O.S.T",
          "tip_type": 0,
          "author": "电视原声"
        },
        {
          "desc": "张碧晨",
          "pic": "http://business.cdn.qianqian.com/qianqian/pic/bos_client_14665250244827be12e023a8bfffd487fefd443114.jpg",
          "type_id": "266867952",
          "type": 2,
          "title": "渡红尘",
          "tip_type": 0,
          "author": "张碧晨"
        },
        {
          "desc": "赵英俊",
          "pic": "http://business.cdn.qianqian.com/qianqian/pic/bos_client_14664893881f3f56a83b4111ccb5977d513d1c871b.jpg",
          "type_id": "266802962",
          "type": 2,
          "title": "方的言",
          "tip_type": 0,
          "author": "赵英俊"
        },
        {
          "desc": "陈洁仪",
          "pic": "http://business.cdn.qianqian.com/qianqian/pic/bos_client_1466470725a47a4fb94029751ac9a679524fdb0bc2.jpg",
          "type_id": "265794735",
          "type": 2,
          "title": "天堂边缘",
          "tip_type": 0,
          "author": "陈洁仪"
        },
        {
          "desc": "冯建宇",
          "pic": "http://business.cdn.qianqian.com/qianqian/pic/bos_client_14663562190c87cb20fd6b543cd1c90d1d82f1f6c5.jpg",
          "type_id": "266784256",
          "type": 2,
          "title": "红",
          "tip_type": 0,
          "author": "冯建宇"
        },
        {
          "desc": "许飞",
          "pic": "http://business.cdn.qianqian.com/qianqian/pic/bos_client_14661352286e69dc6348b45c822f31873391aa4a33.jpg",
          "type_id": "266675457",
          "type": 2,
          "title": "父亲写的散文诗 (时光版)",
          "tip_type": 0,
          "author": "许飞"
        },
        {
          "desc": "徐良",
          "pic": "http://business.cdn.qianqian.com/qianqian/pic/bos_client_1466135181489bf3824c4c256d7231e70c11494547.jpg",
          "type_id": "266647036",
          "type": 2,
          "title": "写词的人",
          "tip_type": 0,
          "author": "徐良"
        },
        {
          "desc": "陈洁仪",
          "pic": "http://business.cdn.qianqian.com/qianqian/pic/bos_client_146604971901e8ba4c7bed609bccfdac48632e0f26.jpg",
          "type_id": "265794735",
          "type": 2,
          "title": "忽然的雨",
          "tip_type": 0,
          "author": "陈洁仪"
        },
        {
          "desc": "李敏镐/羽泉",
          "pic": "http://business.cdn.qianqian.com/qianqian/pic/bos_client_1466046585fb1af6de881cd4f2486887bfcc96e13f.jpg",
          "type_id": "266631989",
          "type": 2,
          "title": "奔跑",
          "tip_type": 0,
          "author": "李敏镐/羽泉"
        },
        {
          "desc": "NINETYNINE 99乐团",
          "pic": "http://business.cdn.qianqian.com/qianqian/pic/bos_client_146641770690a07d3dc6466624c253e8398664326b.jpg",
          "type_id": "266828306",
          "type": 2,
          "title": "第一张创作专辑",
          "tip_type": 0,
          "author": "NINETYNINE 99乐团"
        },
        {
          "desc": "赵泳鑫",
          "pic": "http://business.cdn.qianqian.com/qianqian/pic/bos_client_14659197871acff45687162755b3e64e97e0bb9772.jpg",
          "type_id": "266566876",
          "type": 2,
          "title": "Get Out",
          "tip_type": 0,
          "author": "赵泳鑫"
        },
        {
          "desc": "蜜蜂少女队",
          "pic": "http://business.cdn.qianqian.com/qianqian/pic/bos_client_146591975080b521580ff27310698970dc244233cb.jpg",
          "type_id": "265910804",
          "type": 2,
          "title": "Ladybees",
          "tip_type": 3,
          "author": "蜜蜂少女队"
        },
        {
          "desc": "WABLE",
          "pic": "http://business.cdn.qianqian.com/qianqian/pic/bos_client_1465877792a648d9a27664e1fdc6dd7336e472f19e.jpg",
          "type_id": "266533640",
          "type": 2,
          "title": "Petals On The Wind",
          "tip_type": 0,
          "author": "WABLE"
        },
        {
          "desc": "朴灿烈/袁姗姗",
          "pic": "http://business.cdn.qianqian.com/qianqian/pic/bos_client_1465875604f94a370bcb6cea3f1f9f2ecb0102c86f.jpg",
          "type_id": "266533376",
          "type": 2,
          "title": "我讨厌你",
          "tip_type": 0,
          "author": "朴灿烈/袁姗姗"
        },
        {
          "desc": "羽泉",
          "pic": "http://business.cdn.qianqian.com/qianqian/pic/bos_client_14658698568dfb3a8da869c74a524cbe85c86cd438.jpg",
          "type_id": "266508124",
          "type": 2,
          "title": "绝地逃亡",
          "tip_type": 0,
          "author": "羽泉"
        },
        {
          "desc": "刘珂矣",
          "pic": "http://business.cdn.qianqian.com/qianqian/pic/bos_client_1465805073cfba8b36e1a33700a0cbe4e4ce4ddabd.jpg",
          "type_id": "266502474",
          "type": 2,
          "title": "渡风",
          "tip_type": 0,
          "author": "刘珂矣"
        },
        {
          "desc": "张楚",
          "pic": "http://business.cdn.qianqian.com/qianqian/pic/bos_client_146579056720fca83cf8315fe6cc2a8ea03cf2ddcc.jpg",
          "type_id": "265178297",
          "type": 2,
          "title": "不在绳子上的珍珠",
          "tip_type": 3,
          "author": "张楚"
        },
        {
          "desc": "陈奕迅",
          "pic": "http://business.cdn.qianqian.com/qianqian/pic/bos_client_14660068184e73540a34f22bd12a110f5dfbdbaecb.jpg",
          "type_id": "266618500",
          "type": 2,
          "title": "在这个世界相遇",
          "tip_type": 0,
          "author": "陈奕迅"
        },
        {
          "desc": "戴佩妮",
          "pic": "http://business.cdn.qianqian.com/qianqian/pic/bos_client_14660426055d277bf912abd5d6a4f5c5b29ed9e331.jpg",
          "type_id": "266602949",
          "type": 2,
          "title": "未完不待续",
          "tip_type": 0,
          "author": "戴佩妮"
        },
        {
          "desc": "孙子涵",
          "pic": "http://business.cdn.qianqian.com/qianqian/pic/bos_client_14657032722bf583b668dbfe9ec8b68da4422384f1.jpg",
          "type_id": "266457295",
          "type": 2,
          "title": "这孤独世界幸好有你",
          "tip_type": 0,
          "author": "孙子涵"
        },
        {
          "desc": "徐良",
          "pic": "http://business.cdn.qianqian.com/qianqian/pic/bos_client_1464937913e1d6391bbd98842236e924a8a715cce2.jpg",
          "type_id": "266160680",
          "type": 2,
          "title": "歌手",
          "tip_type": 0,
          "author": "徐良"
        }
      ]
    },
    "recsong": {
      "error_code": 22000,
      "result": [
        {
          "resource_type_ext": "0",
          "learn": "0",
          "pic_premium": "http://musicdata.baidu.com/data2/pic/89099450/89099450.jpg",
          "korean_bb_song": "0",
          "title": "Sunshine In The Rain",
          "author": "BwO",
          "bitrate_fee": "{\"0\":\"0|0\",\"1\":\"0|0\"}",
          "has_mv_mobile": "0",
          "song_id": "13781062",
          "versions": ""
        },
        {
          "resource_type_ext": "0",
          "learn": "1",
          "pic_premium": "http://c.hiphotos.baidu.com/ting/pic/item/5ab5c9ea15ce36d3747a01f43bf33a87e850b1fc.jpg",
          "korean_bb_song": "0",
          "title": "海阔天空",
          "author": "Beyond",
          "bitrate_fee": "{\"0\":\"0|0\",\"1\":\"0|0\"}",
          "has_mv_mobile": "1",
          "song_id": "7299845",
          "versions": ""
        },
        {
          "resource_type_ext": "0",
          "learn": "0",
          "pic_premium": "http://musicdata.baidu.com/data2/pic/7c295b727495a9d91425982490c110fb/267440462/267440462.jpg",
          "korean_bb_song": "0",
          "title": "光芒",
          "author": "凤凰传奇",
          "bitrate_fee": "{\"0\":\"0|0\",\"1\":\"0|0\"}",
          "has_mv_mobile": "1",
          "song_id": "8513530",
          "versions": ""
        },
        {
          "resource_type_ext": "0",
          "learn": "1",
          "pic_premium": "http://musicdata.baidu.com/data2/pic/115994762/115994762.jpg",
          "korean_bb_song": "0",
          "title": "独角戏",
          "author": "许茹芸",
          "bitrate_fee": "{\"0\":\"129|-1\",\"1\":\"-1|-1\"}",
          "has_mv_mobile": "1",
          "song_id": "7317496",
          "versions": ""
        },
        {
          "resource_type_ext": "0",
          "learn": "1",
          "pic_premium": "http://qukufile.bj.bcebos.com/data2/pic/47b01cd49046981b59a1a3bdeecb4b78/115993792/115993792.jpg",
          "korean_bb_song": "0",
          "title": "宽容",
          "author": "张信哲",
          "bitrate_fee": "{\"0\":\"0|0\",\"1\":\"0|0\"}",
          "has_mv_mobile": "1",
          "song_id": "7276837",
          "versions": ""
        },
        {
          "resource_type_ext": "0",
          "learn": "0",
          "pic_premium": "http://musicdata.baidu.com/data2/pic/37a40966d8bfcba3d633ef57cbebc888/261994843/261994843.jpg",
          "korean_bb_song": "0",
          "title": "天下无双",
          "author": "张靓颖",
          "bitrate_fee": "{\"0\":\"0|0\",\"1\":\"0|0\"}",
          "has_mv_mobile": "1",
          "song_id": "51922663",
          "versions": ""
        },
        {
          "resource_type_ext": "0",
          "learn": "1",
          "pic_premium": "http://musicdata.baidu.com/data2/pic/115359988/115359988.jpg",
          "korean_bb_song": "0",
          "title": "Just a Kiss",
          "author": "Lady Antebellum",
          "bitrate_fee": "{\"0\":\"0|0\",\"1\":\"0|0\"}",
          "has_mv_mobile": "1",
          "song_id": "13731606",
          "versions": ""
        },
        {
          "resource_type_ext": "0",
          "learn": "1",
          "pic_premium": "http://c.hiphotos.baidu.com/ting/pic/item/242dd42a2834349b146560a4cbea15ce36d3beab.jpg",
          "korean_bb_song": "0",
          "title": "笑红尘",
          "author": "陈淑桦",
          "bitrate_fee": "{\"0\":\"0|0\",\"1\":\"0|0\"}",
          "has_mv_mobile": "1",
          "song_id": "1055835",
          "versions": ""
        },
        {
          "resource_type_ext": "0",
          "learn": "0",
          "pic_premium": "http://musicdata.baidu.com/data2/pic/115557988/115557988.jpg",
          "korean_bb_song": "0",
          "title": "Beautiful World",
          "author": "Westlife",
          "bitrate_fee": "{\"0\":\"0|0\",\"1\":\"0|0\"}",
          "has_mv_mobile": "1",
          "song_id": "12486933",
          "versions": ""
        },
        {
          "resource_type_ext": "0",
          "learn": "1",
          "pic_premium": "http://musicdata.baidu.com/data2/pic/115613761/115613761.jpg",
          "korean_bb_song": "0",
          "title": "三年三天",
          "author": "安与骑兵",
          "bitrate_fee": "{\"0\":\"0|0\",\"1\":\"0|0\"}",
          "has_mv_mobile": "1",
          "song_id": "13912191",
          "versions": ""
        },
        {
          "resource_type_ext": "0",
          "learn": "0",
          "pic_premium": "http://musicdata.baidu.com/data2/pic/bf432e1e3407e6b77e093bf9b7e4018c/115435009/115435009.jpg",
          "korean_bb_song": "0",
          "title": "突然好想你",
          "author": "五月天",
          "bitrate_fee": "{\"0\":\"0|0\",\"1\":\"0|0\"}",
          "has_mv_mobile": "1",
          "song_id": "264639",
          "versions": ""
        },
        {
          "resource_type_ext": "0",
          "learn": "0",
          "pic_premium": "http://musicdata.baidu.com/data2/pic/115754752/115754752.jpg",
          "korean_bb_song": "0",
          "title": "妄想之夜",
          "author": "阿悄",
          "bitrate_fee": "{\"0\":\"0|0\",\"1\":\"0|0\"}",
          "has_mv_mobile": "1",
          "song_id": "31894140",
          "versions": ""
        },
        {
          "resource_type_ext": "0",
          "learn": "0",
          "pic_premium": "http://b.hiphotos.baidu.com/ting/pic/item/dbb44aed2e738bd4b48b8f12a38b87d6277ff96e.jpg",
          "korean_bb_song": "0",
          "title": "High School Musical",
          "author": "High School Musical Cast",
          "bitrate_fee": "{\"0\":\"129|-1\",\"1\":\"-1|-1\"}",
          "has_mv_mobile": "0",
          "song_id": "8580704",
          "versions": ""
        },
        {
          "resource_type_ext": "0",
          "learn": "1",
          "pic_premium": "http://musicdata.baidu.com/data2/pic/109326f66f6ff483ab17ebd427f8367e/262881310/262881310.jpg",
          "korean_bb_song": "0",
          "title": "Right Now",
          "author": "Rihanna,David Guetta",
          "bitrate_fee": "{\"0\":\"129|-1\",\"1\":\"-1|-1\"}",
          "has_mv_mobile": "1",
          "song_id": "31214048",
          "versions": "album version (edited)"
        },
        {
          "resource_type_ext": "0",
          "learn": "1",
          "pic_premium": "http://musicdata.baidu.com/data2/pic/50fb8974756d3b4263c96f44b960b7c5/123346056/123346056.jpg",
          "korean_bb_song": "0",
          "title": "花好月圆夜",
          "author": "杨千桦,任贤齐",
          "bitrate_fee": "{\"0\":\"0|0\",\"1\":\"0|0\"}",
          "has_mv_mobile": "1",
          "song_id": "1510460",
          "versions": ""
        },
        {
          "resource_type_ext": "0",
          "learn": "0",
          "pic_premium": "http://musicdata.baidu.com/data2/pic/42162331/42162331.jpg",
          "korean_bb_song": "0",
          "title": "因为爱所以爱",
          "author": "谢霆锋",
          "bitrate_fee": "{\"0\":\"0|0\",\"1\":\"0|0\"}",
          "has_mv_mobile": "1",
          "song_id": "20474418",
          "versions": "现场"
        },
        {
          "resource_type_ext": "0",
          "learn": "1",
          "pic_premium": "http://musicdata.baidu.com/data2/pic/b8c7aeb661b29dbdc5afa23ffe041410/252698531/252698531.jpg",
          "korean_bb_song": "0",
          "title": "一千个伤心的理由",
          "author": "张学友",
          "bitrate_fee": "{\"0\":\"129|-1\",\"1\":\"-1|-1\"}",
          "has_mv_mobile": "1",
          "song_id": "1256103",
          "versions": ""
        },
        {
          "resource_type_ext": "0",
          "learn": "0",
          "pic_premium": "http://a.hiphotos.baidu.com/ting/pic/item/3801213fb80e7bec1bf918c32d2eb9389b506bf4.jpg",
          "korean_bb_song": "0",
          "title": "Sometimes",
          "author": "Britney Spears",
          "bitrate_fee": "{\"0\":\"0|0\",\"1\":\"0|0\"}",
          "has_mv_mobile": "1",
          "song_id": "1034580",
          "versions": ""
        },
        {
          "resource_type_ext": "0",
          "learn": "0",
          "pic_premium": "http://musicdata.baidu.com/data2/pic/115614618/115614618.jpg",
          "korean_bb_song": "0",
          "title": "Payphone",
          "author": "Maroon 5,Wiz Khalifa",
          "bitrate_fee": "{\"0\":\"129|-1\",\"1\":\"-1|-1\"}",
          "has_mv_mobile": "1",
          "song_id": "13919906",
          "versions": ""
        },
        {
          "resource_type_ext": "0",
          "learn": "1",
          "pic_premium": "http://musicdata.baidu.com/data2/pic/124528844/124528844.jpg",
          "korean_bb_song": "0",
          "title": "Life Is Like A Song",
          "author": "曲婉婷",
          "bitrate_fee": "{\"0\":\"129|-1\",\"1\":\"-1|-1\"}",
          "has_mv_mobile": "1",
          "song_id": "14950782",
          "versions": ""
        }
      ]
    },
    "mod_1": {
      "error_code": 22000,
      "result": [
        {
          "desc": "",
          "pic": "http://business.cdn.qianqian.com/qianqian/pic/bos_client_1464316383b4d3500e070bdbd11a8aa91f9841b29f.jpg",
          "type_id": "6612",
          "type": 0,
          "title": "",
          "tip_type": 0,
          "author": ""
        }
      ]
    },
    "new_song": {
      "error_code": 22000,
      "result": {
        "pic_500": "http://b.hiphotos.baidu.com/ting/pic/item/a50f4bfbfbedab64bcae572ef136afc378311e7b.jpg",
        "listid": "5126",
        "song_info": [
          {
            "song_id": "261812117",
            "title": "二十四小时",
            "pic_premium": "http://qukufile2.qianqian.com/data2/pic/1c0a4540cdb08961eafaf28211f6217a/261812128/261812128.jpg",
            "author": "陈坤,韩庚,大鹏,吴磊,尹正"
          },
          {
            "song_id": "74109283",
            "title": "灵主不悔《画江湖之灵主》手游暨动漫主题曲",
            "author": "汪苏泷"
          },
          {
            "song_id": "261496612",
            "title": "Protocole",
            "pic_premium": "http://qukufile2.qianqian.com/data2/pic/01019416832d5314e0ad2d4e56087186/261496591/261496591.jpg",
            "author": "Alpha Wann"
          }
        ]
      }
    },
    "focus": {
      "error_code": 22000,
      "result": [
        {
          "randpic": "http://business.cdn.qianqian.com/qianqian/pic/bos_client_146969473377e18e30565dec80b0762637b086dc58.jpg",
          "code": "http://music.baidu.com/cms/webview/bigwig/v7/index.html",
          "mo_type": 4,
          "type": 6,
          "is_publish": "111111",
          "randpic_iphone6": "http://business.cdn.qianqian.com/qianqian/pic/bos_client_146969473377e18e30565dec80b0762637b086dc58.jpg",
          "randpic_desc": "百度音乐大人物"
        },
        {
          "randpic": "http://business.cdn.qianqian.com/qianqian/pic/bos_client_1469678287dad6b420c2c95d2d3b9fa5cc76237ff8.jpg",
          "code": "268108514",
          "mo_type": "2",
          "type": 2,
          "is_publish": "111111",
          "randpic_iphone6": "http://business.cdn.qianqian.com/qianqian/pic/bos_client_1469678287dad6b420c2c95d2d3b9fa5cc76237ff8.jpg",
          "randpic_desc": "一生所爱 (新编曲版)"
        },
        {
          "randpic": "http://business.cdn.qianqian.com/qianqian/pic/bos_client_1469548598c4d34d66f776dcdd91b1e4a277eea65a.jpg",
          "code": "268006646",
          "mo_type": "2",
          "type": 2,
          "is_publish": "111111",
          "randpic_iphone6": "http://business.cdn.qianqian.com/qianqian/pic/bos_client_1469548598c4d34d66f776dcdd91b1e4a277eea65a.jpg",
          "randpic_desc": "JTW 西游记"
        },
        {
          "randpic": "http://business.cdn.qianqian.com/qianqian/pic/bos_client_1469686531963b2d009739085bbd1e3891b7b65198.jpg",
          "code": "6911",
          "mo_type": "5",
          "type": 7,
          "is_publish": "111111",
          "randpic_iphone6": "http://business.cdn.qianqian.com/qianqian/pic/bos_client_1469686531963b2d009739085bbd1e3891b7b65198.jpg",
          "randpic_desc": "无法抗拒的性感男声"
        },
        {
          "randpic": "http://business.cdn.qianqian.com/qianqian/pic/bos_client_1469676704cdd2687975151af0246ae897defad514.jpg",
          "code": "http://music.baidu.com/cms/webview/bigwig/chinajoy/index.html",
          "mo_type": 4,
          "type": 6,
          "is_publish": "111111",
          "randpic_iphone6": "http://business.cdn.qianqian.com/qianqian/pic/bos_client_1469676704cdd2687975151af0246ae897defad514.jpg",
          "randpic_desc": "2016China Joy开幕在即 百度音乐携手Idolschool引爆电竞展台"
        }
      ]
    },
    "mix_25": {
      "error_code": 22000,
      "result": [
        {
          "desc": "",
          "pic": "http://business.cdn.qianqian.com/qianqian/pic/bos_client_1468579044b352de5c25c3febfd69e566cd303014b.jpg",
          "type_id": "http://music.baidu.com/cms/webview/labeing/index.html",
          "type": 4,
          "title": "经典老歌",
          "tip_type": 0,
          "author": ""
        },
        {
          "desc": "",
          "pic": "http://business.cdn.qianqian.com/qianqian/pic/bos_client_14685791889074ef25544f1095654a2f01d50a37ca.jpg",
          "type_id": "http://music.baidu.com/cms/webview/labeing/djgq.html",
          "type": 4,
          "title": "DJ舞曲",
          "tip_type": 0,
          "author": ""
        },
        {
          "desc": "",
          "pic": "http://business.cdn.qianqian.com/qianqian/pic/bos_client_1468579233358125346e46b6928ef85eb6c963dda0.jpg",
          "type_id": "6741",
          "type": 0,
          "title": "情歌特辑",
          "tip_type": 0,
          "author": ""
        }
      ]
    },
    "king": {
      "error_code": 22000,
      "result": [
        {
          "pic_big": "http://musicdata.baidu.com/data2/pic/08df0af1b5428ff1898a680beb03e0e7/267994979/267994979.jpg",
          "title": "逍遥",
          "author": "王青"
        },
        {
          "pic_big": "http://musicdata.baidu.com/data2/pic/4a74b7efc02ffadbf4c69417b2831cf4/267774857/267774857.jpg",
          "title": "Black White （AB）",
          "author": "黄子韬"
        },
        {
          "pic_big": "http://musicdata.baidu.com/data2/pic/630f5210265d5ce1e371132f38de1f6a/267870200/267870200.jpg",
          "title": "爱为你出发",
          "author": "冯建宇"
        }
      ]
    }
  },
  "error_code": 22000,
  "module": [
    {
      "link_url": "",
      "pos": 1,
      "title": "焦点图",
      "key": "focus",
      "picurl": "",
      "title_more": "",
      "style": 1,
      "jump": ""
    },
    {
      "link_url": "",
      "pos": 2,
      "title": "每日热点",
      "key": "mix_2",
      "picurl": "",
      "title_more": "",
      "style": 3,
      "jump": ""
    },
    {
      "jump": "0",
      "pos": 3,
      "title": "音乐导航",
      "key": "entry",
      "picurl": "http://business.cdn.qianqian.com/qianqian/pic/bos_client_1463974498ee916568af45b9417191fe7bcce01619.jpg",
      "title_more": "更多",
      "style": 13,
      "link_url": ""
    },
    {
      "jump": "3",
      "pos": 4,
      "title": "歌单推荐",
      "key": "diy",
      "picurl": "http://business.cdn.qianqian.com/qianqian/pic/bos_client_146537068808d757527df896d28f62e60b3ad4f277.jpg",
      "title_more": "更多",
      "style": 15,
      "link_url": ""
    },
    {
      "link_url": "",
      "pos": 5,
      "title": "广告图片(大)",
      "key": "ad_big",
      "picurl": "",
      "title_more": "",
      "style": 7,
      "jump": ""
    },
    {
      "jump": "7",
      "pos": 6,
      "title": "新碟上架",
      "key": "mix_1",
      "picurl": "http://business.cdn.qianqian.com/qianqian/pic/bos_client_1465370722dfa35e762ce6c854d656eac195f7fcd5.jpg",
      "title_more": "更多",
      "style": 9,
      "link_url": ""
    },
    {
      "link_url": "",
      "pos": 7,
      "title": "热销专辑",
      "key": "mix_22",
      "picurl": "http://business.cdn.qianqian.com/qianqian/pic/bos_client_146640780395497fb5d1cc59a4cb81580819fbc07b.jpg",
      "title_more": "",
      "style": 8,
      "jump": ""
    },
    {
      "jump": "6",
      "pos": 8,
      "title": "场景电台",
      "key": "scene",
      "picurl": "http://business.cdn.qianqian.com/qianqian/pic/bos_client_1465370748a3defe2c3bdfa60416d432ea01210b30.jpg",
      "title_more": "更多",
      "style": 2,
      "link_url": ""
    },
    {
      "jump": "0",
      "pos": 9,
      "title": "今日推荐歌曲",
      "key": "recsong",
      "picurl": "http://business.cdn.qianqian.com/qianqian/pic/bos_client_14653709721f134fb220693dff72cce9f8bae7d1ce.jpg",
      "title_more": "更多",
      "style": 10,
      "link_url": ""
    },
    {
      "link_url": "",
      "pos": 10,
      "title": "原创音乐",
      "key": "mix_9",
      "picurl": "http://business.cdn.qianqian.com/qianqian/pic/bos_client_1465370987dc19b57e5ee3cb4c5c705aeca66d6dab.jpg",
      "title_more": "",
      "style": 8,
      "jump": ""
    },
    {
      "link_url": "",
      "pos": 11,
      "title": "最热MV推荐",
      "key": "mix_5",
      "picurl": "http://business.cdn.qianqian.com/qianqian/pic/bos_client_14653710033de8c390ee5bc00e31e5ab22793da860.jpg",
      "title_more": "",
      "style": 9,
      "jump": ""
    },
    {
      "jump": "5",
      "pos": 12,
      "title": "乐播节目",
      "key": "radio",
      "picurl": "http://business.cdn.qianqian.com/qianqian/pic/bos_client_146537101814c89604b4945401f5fc52b9fa2d6ea6.jpg",
      "title_more": "更多",
      "style": 14,
      "link_url": ""
    },
    {
      "link_url": "",
      "pos": 13,
      "title": "专栏",
      "key": "mod_7",
      "picurl": "http://business.cdn.qianqian.com/qianqian/pic/bos_client_1465371032678a4863cdc2ceb4ecdf3c8294e81ee4.jpg",
      "title_more": "",
      "style": 11,
      "jump": ""
    },
    {
      "link_url": "",
      "pos": 14,
      "title": "广告图片(小)",
      "key": "ad_small",
      "picurl": "",
      "title_more": "",
      "style": 6,
      "jump": ""
    }
  ]
}